-- phpMyAdmin SQL Dump
-- version 5.2.1
-- https://www.phpmyadmin.net/
--
-- Host: 127.0.0.1
-- 생성 시간: 25-03-20 17:23
-- 서버 버전: 10.4.32-MariaDB
-- PHP 버전: 8.2.12

SET SQL_MODE = "NO_AUTO_VALUE_ON_ZERO";
START TRANSACTION;
SET time_zone = "+00:00";


/*!40101 SET @OLD_CHARACTER_SET_CLIENT=@@CHARACTER_SET_CLIENT */;
/*!40101 SET @OLD_CHARACTER_SET_RESULTS=@@CHARACTER_SET_RESULTS */;
/*!40101 SET @OLD_COLLATION_CONNECTION=@@COLLATION_CONNECTION */;
/*!40101 SET NAMES utf8mb4 */;

--
-- 데이터베이스: `helpshop`
--

-- --------------------------------------------------------

--
-- 테이블 구조 `account`
--

CREATE TABLE `account` (
  `ix` int(11) NOT NULL,
  `user_ix` int(11) NOT NULL,
  `name` varchar(255) NOT NULL DEFAULT '',
  `account_manager` varchar(100) NOT NULL DEFAULT '',
  `manager_contact` varchar(15) NOT NULL DEFAULT '',
  `contact` varchar(15) NOT NULL DEFAULT '',
  `site` varchar(255) NOT NULL DEFAULT '',
  `address` varchar(255) NOT NULL DEFAULT '',
  `account_number` varchar(50) NOT NULL DEFAULT '',
  `memo` text NOT NULL DEFAULT '',
  `create_at` datetime NOT NULL DEFAULT current_timestamp(),
  `updated_at` datetime NOT NULL DEFAULT current_timestamp()
) ENGINE=InnoDB DEFAULT CHARSET=utf8mb4 COLLATE=utf8mb4_general_ci;

--
-- 테이블의 덤프 데이터 `account`
--

INSERT INTO `account` (`ix`, `user_ix`, `name`, `account_manager`, `manager_contact`, `contact`, `site`, `address`, `account_number`, `memo`, `create_at`, `updated_at`) VALUES
(10, 1, 'NS', '한상민', '010-4244-4144', '032-868-5427', 'https://www.nsrod.co.kr/', '인천광역시 남동구 염전로411번길 38 ', '139-81-07784', 'test 메모ㅁㅇㅁㄴㅇㄹㅁㄴㅇㄹㅇㄴㄹ\n\n테스트 해봅니다.\n\n1.2ㅣㅇㄹ\n\n3.', '2024-11-29 11:50:44', '2024-11-29 11:50:44'),
(25, 1, '윤성조구', '', '1577-6160', '1577-6160', 'https://www.yoonsunginc.kr/', '경기도 양주시 은현면 은현로 221번길 13 주식회사윤성 A/S팀', '142-81-81209', '', '2024-12-03 18:39:38', '2024-12-03 18:39:38'),
(26, 1, '해원레포츠', '', '051-203-0997', '051-203-0997', '', '부산광역시 사하구 구평로 16번길 6', '', '', '2024-12-03 18:41:38', '2024-12-03 18:41:38'),
(27, 1, '원더랜드', '윤제성 대표', '032-575-4085', '032-575-4085', 'https://smartstore.naver.com/wonderfishing', '인천 서구 파랑로 536 한성컴퓨터 3층 원더랜드', '106-87-01332', '', '2024-12-03 18:42:44', '2024-12-03 18:42:44'),
(28, 1, '피싱코리아', '김영돈', '031-747-5804', '031-747-5804', 'https://fikorea.co.kr/', '경기도 성남시 중원구 갈마치로288번길 14 (상대원동) SK V1 타워 A동 227호 피싱코리아(주)', '810-81-00653', '테스트완료111222', '2024-12-03 18:44:22', '2024-12-03 18:44:22'),
(29, 1, '바낙스', '모름', '01031571252', '0325502030', 'https://www.banax.co.kr/sub_4/?mn_idx=0003_0012_&dp1=4&dp2=2', '인천광역시 서구 도담 8로 28 (오류동 1638-1) 바낙스 A/S센터', '', '', '2025-02-05 16:02:47', '2025-02-05 16:02:47'),
(69, 1, '다이나미스', '', '', '', '', '', '', '', '2025-02-15 10:22:27', '2025-02-15 10:22:27'),
(76, 1, '메가바이트', '', '', '', '', '', '', '', '2025-02-15 10:22:27', '2025-02-15 10:22:27'),
(415, 1, '누나', '한가희', '01089675430', '01089675430', '', '남동구 서창동 682번지 센트럴푸르지오 510동 1802호', '', '', '2025-03-06 14:05:40', '2025-03-06 14:05:40');

-- --------------------------------------------------------

--
-- 테이블 구조 `category`
--

CREATE TABLE `category` (
  `ix` int(11) NOT NULL,
  `user_ix` int(11) NOT NULL,
  `name` varchar(255) NOT NULL,
  `created_at` datetime NOT NULL DEFAULT current_timestamp(),
  `updated_at` datetime NOT NULL DEFAULT current_timestamp()
) ENGINE=InnoDB DEFAULT CHARSET=utf8mb4 COLLATE=utf8mb4_general_ci;

--
-- 테이블의 덤프 데이터 `category`
--

INSERT INTO `category` (`ix`, `user_ix`, `name`, `created_at`, `updated_at`) VALUES
(1, 1, '낚시대', '2024-12-09 16:31:34', '2024-12-09 16:31:34'),
(14, 1, '에기', '2025-02-14 18:09:49', '2025-02-14 18:09:49'),
(16, 1, '메탈지그', '2025-02-14 18:09:56', '2025-02-14 18:09:56'),
(17, 1, '가방', '2025-02-14 18:09:59', '2025-02-14 18:09:59'),
(18, 1, '스피닝릴', '2025-02-14 18:10:07', '2025-02-14 18:10:07'),
(19, 1, '베이트릴', '2025-02-14 18:10:09', '2025-02-14 18:10:09'),
(21, 1, '릴 용품', '2025-02-15 10:22:27', '2025-02-15 10:22:27'),
(22, 1, '루어대', '2025-02-15 10:22:27', '2025-02-15 10:22:27'),
(26, 1, '민물대', '2025-02-15 10:22:27', '2025-02-15 10:22:27'),
(32, 1, '루어바늘', '2025-02-15 10:22:27', '2025-02-15 10:22:27'),
(55, 1, '낚시줄', '2025-02-15 10:22:27', '2025-02-15 10:22:27'),
(63, 1, '민물 용품', '2025-02-15 10:22:27', '2025-02-15 10:22:27');

-- --------------------------------------------------------

--
-- 테이블 구조 `db_match`
--

CREATE TABLE `db_match` (
  `ix` int(11) NOT NULL,
  `user_ix` int(11) NOT NULL,
  `details_ix` int(11) NOT NULL,
  `name_of_excel` varchar(500) NOT NULL,
  `matching_ix` int(11) NOT NULL,
  `created_at` datetime NOT NULL DEFAULT current_timestamp(),
  `updated_at` datetime NOT NULL DEFAULT current_timestamp()
) ENGINE=InnoDB DEFAULT CHARSET=utf8mb4 COLLATE=utf8mb4_general_ci;

--
-- 테이블의 덤프 데이터 `db_match`
--

INSERT INTO `db_match` (`ix`, `user_ix`, `details_ix`, `name_of_excel`, `matching_ix`, `created_at`, `updated_at`) VALUES
(34, 1, 3295, '쎄네 삼봉 만세기 / 1개', 22, '2025-02-25 16:29:33', '2025-02-25 16:29:33'),
(36, 1, 3297, '쎄네 삼봉 리얼참돔 / 1개', 24, '2025-02-25 16:31:48', '2025-02-25 16:31:48'),
(38, 1, 3332, '쎄네 삼봉 리얼수박 / 1개', 28, '2025-02-25 17:17:50', '2025-02-25 17:17:50'),
(39, 1, 3335, '쎄네 삼봉 케이무라우럭 / 1개', 29, '2025-02-25 17:34:03', '2025-02-25 17:34:03'),
(42, 1, 3333, '카포스 세네 CENE 삼봉에기 쎄네 만세기 한치 심해 갑오징어 생미끼 에기, CE-123 (케이무라우럭), 3개 (3개 CE-123 (케이무라우럭))', 31, '2025-02-25 17:49:30', '2025-02-25 17:49:30');

-- --------------------------------------------------------

--
-- 테이블 구조 `market`
--

CREATE TABLE `market` (
  `ix` int(11) NOT NULL,
  `user_ix` int(11) NOT NULL,
  `market_name` varchar(200) NOT NULL,
  `basic_fee` varchar(50) NOT NULL,
  `linked_fee` varchar(50) NOT NULL,
  `ship_fee` varchar(50) NOT NULL,
  `created_at` datetime NOT NULL DEFAULT current_timestamp(),
  `updated_at` datetime NOT NULL DEFAULT current_timestamp()
) ENGINE=InnoDB DEFAULT CHARSET=utf8mb4 COLLATE=utf8mb4_general_ci;

--
-- 테이블의 덤프 데이터 `market`
--

INSERT INTO `market` (`ix`, `user_ix`, `market_name`, `basic_fee`, `linked_fee`, `ship_fee`, `created_at`, `updated_at`) VALUES
(1, 1, '네이버', '2.75', '2', '2.75', '2024-11-17 08:17:27', '2024-11-28 18:13:27'),
(2, 1, '쿠팡', '11.88', '0', '3.3', '2024-11-17 08:17:27', '2024-11-28 18:13:27');

-- --------------------------------------------------------

--
-- 테이블 구조 `orders`
--

CREATE TABLE `orders` (
  `ix` int(11) NOT NULL,
  `global_order_number` varchar(50) NOT NULL,
  `order_number` varchar(50) NOT NULL DEFAULT '',
  `order_date` date NOT NULL,
  `market_ix` int(11) NOT NULL,
  `user_ix` int(11) NOT NULL,
  `division_val` varchar(1000) NOT NULL DEFAULT '' COMMENT '주문 여러번했는지 구분값',
  `total_payment` decimal(10,2) NOT NULL,
  `total_shipping` decimal(10,2) NOT NULL,
  `status` enum('completed','cancelled','refunded') NOT NULL DEFAULT 'completed',
  `created_at` datetime NOT NULL DEFAULT current_timestamp()
) ENGINE=InnoDB DEFAULT CHARSET=utf8mb4 COLLATE=utf8mb4_general_ci;

--
-- 테이블의 덤프 데이터 `orders`
--

INSERT INTO `orders` (`ix`, `global_order_number`, `order_number`, `order_date`, `market_ix`, `user_ix`, `division_val`, `total_payment`, `total_shipping`, `status`, `created_at`) VALUES
(1757, '202502251629330001', '', '2025-02-25', 1, 1, '', 24500.00, 3000.00, 'completed', '2025-02-25 16:29:33'),
(1758, '202502251631480001', '', '2025-02-25', 2, 1, '', 58800.00, 3000.00, 'completed', '2025-02-25 16:31:48'),
(1777, '202502251717500001', '1111', '2025-02-25', 1, 1, '', 29400.00, 9000.00, 'completed', '2025-02-25 17:17:50'),
(1778, '2025022517332600011', '3100098435316', '2025-02-25', 2, 1, '', 29400.00, 3000.00, 'completed', '2025-02-25 17:33:26'),
(1780, '202502251734030001', '1', '2025-02-25', 2, 1, '', 24500.00, 3000.00, 'completed', '2025-02-25 17:34:03');

-- --------------------------------------------------------

--
-- 테이블 구조 `order_details`
--

CREATE TABLE `order_details` (
  `ix` int(11) NOT NULL,
  `orders_ix` int(11) NOT NULL,
  `name` varchar(400) NOT NULL,
  `cost` decimal(10,2) NOT NULL,
  `quantity` int(11) NOT NULL,
  `price` decimal(10,2) NOT NULL,
  `status` enum('completed','cancelled','refunded') NOT NULL DEFAULT 'completed'
) ENGINE=InnoDB DEFAULT CHARSET=utf8mb4 COLLATE=utf8mb4_general_ci;

--
-- 테이블의 덤프 데이터 `order_details`
--

INSERT INTO `order_details` (`ix`, `orders_ix`, `name`, `cost`, `quantity`, `price`, `status`) VALUES
(3295, 1757, '쎄네 삼봉 만세기 / 1개', 3500.00, 5, 4900.00, 'completed'),
(3296, 1758, '쎄네 삼봉 만세기 / 1개', 3500.00, 10, 4900.00, 'completed'),
(3297, 1758, '쎄네 삼봉 리얼참돔 / 1개', 3500.00, 2, 4900.00, 'completed'),
(3330, 1777, '쎄네 삼봉 리얼참돔 / 1개', 3500.00, 2, 4900.00, 'completed'),
(3331, 1777, '쎄네 삼봉 만세기 / 1개', 3500.00, 2, 4900.00, 'completed'),
(3332, 1777, '쎄네 삼봉 리얼수박 / 1개', 3500.00, 2, 4900.00, 'completed'),
(3333, 1778, '카포스 세네 CENE 삼봉에기 쎄네 만세기 한치 심해 갑오징어 생미끼 에기, CE-123 (케이무라우럭), 3개 (3개 CE-123 (케이무라우럭))', 0.00, 1, 14700.00, 'completed'),
(3334, 1778, '카포스 세네 CENE 삼봉에기 쎄네 만세기 한치 심해 갑오징어 생미끼 에기, CE-124 (케이무라퍼플참돔), 3개 (3개 CE-124 (케이무라퍼플참돔))', 0.00, 1, 14700.00, 'completed'),
(3335, 1780, '쎄네 삼봉 케이무라우럭 / 1개', 3500.00, 5, 4900.00, 'completed');

-- --------------------------------------------------------

--
-- 테이블 구조 `product`
--

CREATE TABLE `product` (
  `ix` int(11) NOT NULL,
  `user_ix` int(11) NOT NULL,
  `account_ix` int(11) NOT NULL,
  `category_ix` int(11) NOT NULL,
  `name` varchar(500) NOT NULL,
  `memo` text NOT NULL,
  `create_at` datetime NOT NULL DEFAULT current_timestamp(),
  `update_at` datetime NOT NULL DEFAULT current_timestamp()
) ENGINE=InnoDB DEFAULT CHARSET=utf8mb4 COLLATE=utf8mb4_general_ci;

--
-- 테이블의 덤프 데이터 `product`
--

INSERT INTO `product` (`ix`, `user_ix`, `account_ix`, `category_ix`, `name`, `memo`, `create_at`, `update_at`) VALUES
(341, 1, 28, 21, '씨호크 베이트릴 더블핸들 (130mm)', '', '2025-02-17 17:14:25', '2025-02-17 17:14:25'),
(342, 1, 28, 22, '크로스파이어 로드', '', '2025-02-17 17:14:25', '2025-02-17 17:14:25'),
(343, 1, 28, 22, '씨호크 댄디블랙 스페셜', '', '2025-02-17 17:14:25', '2025-02-17 17:14:25'),
(344, 1, 28, 22, '씨호크 락스타 에어', '', '2025-02-17 17:14:25', '2025-02-17 17:14:25'),
(345, 1, 28, 22, '씨호크 아징스타', '', '2025-02-17 17:14:25', '2025-02-17 17:14:25'),
(346, 1, 28, 26, '씨호크 비천검', '', '2025-02-17 17:14:25', '2025-02-17 17:14:25'),
(347, 1, 28, 22, '씨호크 지깅스타 일렉', '', '2025-02-17 17:14:25', '2025-02-17 17:14:25'),
(348, 1, 28, 22, '씨호크 지깅스타 스파이럴', '', '2025-02-17 17:14:25', '2025-02-17 17:14:25'),
(349, 1, 28, 22, '씨호크 지깅스타2', '', '2025-02-17 17:14:25', '2025-02-17 17:14:25'),
(350, 1, 28, 22, '다이와 주피터BF', '', '2025-02-17 17:14:25', '2025-02-17 17:14:25'),
(351, 1, 28, 22, '다이와 주피터BF 스페셜', '', '2025-02-17 17:14:25', '2025-02-17 17:14:25'),
(352, 1, 28, 32, '씨호크 지깅훅', '', '2025-02-17 17:14:25', '2025-02-17 17:14:25'),
(353, 1, 28, 22, '씨호크 오션스타 프로 티탄', '', '2025-02-17 17:14:25', '2025-02-17 17:14:25'),
(354, 1, 28, 22, '씨호크 쇼어스타', '', '2025-02-17 17:14:25', '2025-02-17 17:14:25'),
(355, 1, 28, 22, '씨호크 쭈깅스타 에어 티탄', '', '2025-02-17 17:14:25', '2025-02-17 17:14:25'),
(356, 1, 28, 22, '다이와 프로슈터 SR', '', '2025-02-17 17:14:25', '2025-02-17 17:14:25'),
(357, 1, 28, 22, '다이와 주피터 쭈갑대', '', '2025-02-17 17:14:25', '2025-02-17 17:14:25'),
(358, 1, 28, 22, '다이와 프로슈터 2BB', '', '2025-02-17 17:14:25', '2025-02-17 17:14:25'),
(359, 1, 28, 22, '씨호크 어택블루 티타늄', '', '2025-02-17 17:14:25', '2025-02-17 17:14:25'),
(360, 1, 28, 22, '씨호크 에깅스타 플러스', '', '2025-02-17 17:14:25', '2025-02-17 17:14:25'),
(361, 1, 28, 22, '씨호크 이카스타', '', '2025-02-17 17:14:25', '2025-02-17 17:14:25'),
(362, 1, 28, 22, '씨호크 이카스타 티탄', '', '2025-02-17 17:14:25', '2025-02-17 17:14:25'),
(363, 1, 28, 22, '씨호크 댄디 숏', '', '2025-02-17 17:14:25', '2025-02-17 17:14:25'),
(364, 1, 28, 22, '씨호크 테티스멀티', '', '2025-02-17 17:14:25', '2025-02-17 17:14:25'),
(365, 1, 28, 22, '씨호크 팁런스타', '', '2025-02-17 17:14:25', '2025-02-17 17:14:25'),
(366, 1, 28, 22, '씨호크 테티스 타코', '', '2025-02-17 17:14:25', '2025-02-17 17:14:25'),
(367, 1, 28, 22, '씨호크 이카타코', '', '2025-02-17 17:14:25', '2025-02-17 17:14:25'),
(368, 1, 28, 22, '씨호크 쭈깅스타 프로', '', '2025-02-17 17:14:25', '2025-02-17 17:14:25'),
(369, 1, 28, 22, '씨호크 타코스타2', '', '2025-02-17 17:14:25', '2025-02-17 17:14:25'),
(370, 1, 28, 18, '다이와 프로슈터 6BB', '', '2025-02-17 17:14:25', '2025-02-17 17:14:25'),
(371, 1, 28, 22, '씨호크 리버호크', '', '2025-02-17 17:14:25', '2025-02-17 17:14:25'),
(372, 1, 28, 22, '씨호크 리버호크 프로', '', '2025-02-17 17:14:25', '2025-02-17 17:14:25'),
(373, 1, 28, 26, '씨호크 화룡도', '', '2025-02-17 17:14:25', '2025-02-17 17:14:25'),
(374, 1, 28, 26, '씨호크 청룡도', '', '2025-02-17 17:14:25', '2025-02-17 17:14:25'),
(375, 1, 28, 55, '씨호크 타타로스 4합사', '', '2025-02-17 17:14:25', '2025-02-17 17:14:25'),
(376, 1, 28, 55, '씨호크 타타로스 8합사', '', '2025-02-17 17:14:25', '2025-02-17 17:14:25'),
(377, 1, 28, 22, '씨호크 타치우오', '', '2025-02-17 17:14:25', '2025-02-17 17:14:25'),
(378, 1, 28, 18, '바이퍼 스피닝릴', '', '2025-02-17 17:14:25', '2025-02-17 17:14:25'),
(379, 1, 69, 14, '이카키드 73', '', '2025-02-17 17:14:25', '2025-02-17 17:14:25'),
(380, 1, 69, 14, '이카키드 63', '', '2025-02-17 17:14:25', '2025-02-17 17:14:25'),
(381, 1, 69, 14, '나래에기', '', '2025-02-17 17:14:25', '2025-02-17 17:14:25'),
(382, 1, 69, 63, '플레티늄 민물살림망', '', '2025-02-17 17:14:25', '2025-02-17 17:14:25'),
(383, 1, 69, 63, '삭스웨이더', '', '2025-02-17 17:14:25', '2025-02-17 17:14:25'),
(384, 1, 69, 63, 'R1 웨이딩 부츠', '', '2025-02-17 17:14:25', '2025-02-17 17:14:25'),
(385, 1, 69, 63, '허벅지 장화', '', '2025-02-17 17:14:25', '2025-02-17 17:14:25'),
(386, 1, 76, 14, '메가탄 삼봉 S', '', '2025-02-17 17:14:25', '2025-02-17 17:14:25'),
(387, 1, 76, 14, '메가탄50', '', '2025-02-17 17:14:25', '2025-02-17 17:14:25'),
(388, 1, 76, 14, '메가탄70', '', '2025-02-17 17:14:25', '2025-02-17 17:14:25'),
(389, 1, 76, 14, '메가탄80', '', '2025-02-17 17:14:25', '2025-02-17 17:14:25'),
(390, 1, 76, 14, '메가핀55', '', '2025-02-17 17:14:25', '2025-02-17 17:14:25'),
(391, 1, 76, 14, '메가핀60', '', '2025-02-17 17:14:25', '2025-02-17 17:14:25');

-- --------------------------------------------------------

--
-- 테이블 구조 `product_option`
--

CREATE TABLE `product_option` (
  `ix` int(11) NOT NULL,
  `product_ix` int(11) NOT NULL,
  `name` varchar(255) NOT NULL,
  `value` varchar(255) NOT NULL,
  `created_at` datetime NOT NULL DEFAULT current_timestamp(),
  `updated_at` datetime NOT NULL DEFAULT current_timestamp()
) ENGINE=InnoDB DEFAULT CHARSET=utf8mb4 COLLATE=utf8mb4_general_ci;

--
-- 테이블의 덤프 데이터 `product_option`
--

INSERT INTO `product_option` (`ix`, `product_ix`, `name`, `value`, `created_at`, `updated_at`) VALUES
(540, 341, '색상', '블랙', '2025-02-17 17:14:25', '2025-02-17 17:14:25'),
(541, 341, '색상', '레드', '2025-02-17 17:14:25', '2025-02-17 17:14:25'),
(542, 341, '색상', '건스모크', '2025-02-17 17:14:25', '2025-02-17 17:14:25'),
(543, 342, '규격', '662ULFS', '2025-02-17 17:14:25', '2025-02-17 17:14:25'),
(544, 342, '규격', '602ULFS', '2025-02-17 17:14:25', '2025-02-17 17:14:25'),
(545, 342, '규격', '662LFS', '2025-02-17 17:14:25', '2025-02-17 17:14:25'),
(546, 342, '규격', '702MFS', '2025-02-17 17:14:25', '2025-02-17 17:14:25'),
(547, 342, '규격', '702MHFB', '2025-02-17 17:14:25', '2025-02-17 17:14:25'),
(548, 342, '규격', '762LFS', '2025-02-17 17:14:25', '2025-02-17 17:14:25'),
(549, 342, '규격', '762ULFS', '2025-02-17 17:14:25', '2025-02-17 17:14:25'),
(550, 342, '규격', '762MLFS', '2025-02-17 17:14:25', '2025-02-17 17:14:25'),
(551, 342, '규격', '762MFS', '2025-02-17 17:14:25', '2025-02-17 17:14:25'),
(552, 343, '규격', '662S', '2025-02-17 17:14:25', '2025-02-17 17:14:25'),
(553, 343, '규격', 'P662B', '2025-02-17 17:14:25', '2025-02-17 17:14:25'),
(554, 343, '규격', 'P702MS', '2025-02-17 17:14:25', '2025-02-17 17:14:25'),
(555, 343, '규격', 'P802MLS', '2025-02-17 17:14:25', '2025-02-17 17:14:25'),
(556, 343, '규격', 'P802MS', '2025-02-17 17:14:25', '2025-02-17 17:14:25'),
(557, 343, '규격', 'P802MHS', '2025-02-17 17:14:25', '2025-02-17 17:14:25'),
(558, 343, '규격', 'P862MLS', '2025-02-17 17:14:25', '2025-02-17 17:14:25'),
(559, 343, '규격', 'P862MHS', '2025-02-17 17:14:25', '2025-02-17 17:14:25'),
(560, 343, '규격', 'P932MS', '2025-02-17 17:14:25', '2025-02-17 17:14:25'),
(561, 343, '규격', '932MHS', '2025-02-17 17:14:25', '2025-02-17 17:14:25'),
(562, 343, '규격', '932HS', '2025-02-17 17:14:25', '2025-02-17 17:14:25'),
(563, 343, '규격', '1002M', '2025-02-17 17:14:25', '2025-02-17 17:14:25'),
(564, 343, '규격', '1002MH', '2025-02-17 17:14:25', '2025-02-17 17:14:25'),
(565, 344, '규격', '762ULS', '2025-02-17 17:14:25', '2025-02-17 17:14:25'),
(566, 345, '규격', '622MS', '2025-02-17 17:14:25', '2025-02-17 17:14:25'),
(567, 346, '칸수', '2.5칸', '2025-02-17 17:14:25', '2025-02-17 17:14:25'),
(568, 346, '칸수', '2.7칸', '2025-02-17 17:14:25', '2025-02-17 17:14:25'),
(569, 346, '칸수', '3.0칸', '2025-02-17 17:14:25', '2025-02-17 17:14:25'),
(570, 346, '칸수', '3.2칸', '2025-02-17 17:14:25', '2025-02-17 17:14:25'),
(571, 346, '칸수', '3.6칸', '2025-02-17 17:14:25', '2025-02-17 17:14:25'),
(572, 346, '칸수', '4.0칸', '2025-02-17 17:14:25', '2025-02-17 17:14:25'),
(573, 347, '규격', '165HB', '2025-02-17 17:14:25', '2025-02-17 17:14:25'),
(574, 348, '규격', '165HB', '2025-02-17 17:14:25', '2025-02-17 17:14:25'),
(575, 349, '규격', '602HS', '2025-02-17 17:14:25', '2025-02-17 17:14:25'),
(576, 349, '규격', '602MHS', '2025-02-17 17:14:25', '2025-02-17 17:14:25'),
(577, 349, '규격', '602MHB', '2025-02-17 17:14:25', '2025-02-17 17:14:25'),
(578, 349, '규격', '602HB', '2025-02-17 17:14:25', '2025-02-17 17:14:25'),
(579, 349, '규격', '662B', '2025-02-17 17:14:25', '2025-02-17 17:14:25'),
(580, 349, '규격', '662S', '2025-02-17 17:14:25', '2025-02-17 17:14:25'),
(581, 350, '규격', '662LB', '2025-02-17 17:14:25', '2025-02-17 17:14:25'),
(582, 350, '규격', '662MLB', '2025-02-17 17:14:25', '2025-02-17 17:14:25'),
(583, 350, '규격', '662MB', '2025-02-17 17:14:25', '2025-02-17 17:14:25'),
(584, 351, '규격', '662MLB', '2025-02-17 17:14:25', '2025-02-17 17:14:25'),
(585, 351, '규격', '662MB', '2025-02-17 17:14:25', '2025-02-17 17:14:25'),
(586, 351, '규격', '662MHB', '2025-02-17 17:14:25', '2025-02-17 17:14:25'),
(587, 352, '규격', 'SJ', '2025-02-17 17:14:25', '2025-02-17 17:14:25'),
(588, 353, '규격', '180B', '2025-02-17 17:14:25', '2025-02-17 17:14:25'),
(589, 353, '규격', '195B', '2025-02-17 17:14:25', '2025-02-17 17:14:25'),
(590, 353, '규격', '210B', '2025-02-17 17:14:25', '2025-02-17 17:14:25'),
(591, 353, '규격', '235B', '2025-02-17 17:14:25', '2025-02-17 17:14:25'),
(592, 354, '규격', '802L', '2025-02-17 17:14:25', '2025-02-17 17:14:25'),
(593, 354, '규격', '802MLS', '2025-02-17 17:14:25', '2025-02-17 17:14:25'),
(594, 354, '규격', '862LS', '2025-02-17 17:14:25', '2025-02-17 17:14:25'),
(595, 354, '규격', '862MLS', '2025-02-17 17:14:25', '2025-02-17 17:14:25'),
(596, 354, '규격', '862MS', '2025-02-17 17:14:25', '2025-02-17 17:14:25'),
(597, 354, '규격', '962LS', '2025-02-17 17:14:25', '2025-02-17 17:14:25'),
(598, 354, '규격', '962ML', '2025-02-17 17:14:25', '2025-02-17 17:14:25'),
(599, 354, '규격', '962MS', '2025-02-17 17:14:25', '2025-02-17 17:14:25'),
(600, 355, '규격', '150바트컷', '2025-02-17 17:14:25', '2025-02-17 17:14:25'),
(601, 356, '규격', '802MLS', '2025-02-17 17:14:25', '2025-02-17 17:14:25'),
(602, 356, '규격', '802MS', '2025-02-17 17:14:25', '2025-02-17 17:14:25'),
(603, 356, '규격', '862LS', '2025-02-17 17:14:25', '2025-02-17 17:14:25'),
(604, 356, '규격', '862MLS', '2025-02-17 17:14:25', '2025-02-17 17:14:25'),
(605, 356, '규격', '862MS', '2025-02-17 17:14:25', '2025-02-17 17:14:25'),
(606, 357, '규격', 'SI158', '2025-02-17 17:14:25', '2025-02-17 17:14:25'),
(607, 357, '규격', 'ID158', '2025-02-17 17:14:26', '2025-02-17 17:14:26'),
(608, 358, '규격', '2000', '2025-02-17 17:14:26', '2025-02-17 17:14:26'),
(609, 358, '규격', '3000', '2025-02-17 17:14:26', '2025-02-17 17:14:26'),
(610, 358, '규격', '4000', '2025-02-17 17:14:26', '2025-02-17 17:14:26'),
(611, 358, '규격', '5000', '2025-02-17 17:14:26', '2025-02-17 17:14:26'),
(612, 359, '규격', '170L/MHB', '2025-02-17 17:14:26', '2025-02-17 17:14:26'),
(613, 359, '규격', '180L/MHB', '2025-02-17 17:14:26', '2025-02-17 17:14:26'),
(614, 360, '규격', '832MS', '2025-02-17 17:14:26', '2025-02-17 17:14:26'),
(615, 360, '규격', '862MLS', '2025-02-17 17:14:26', '2025-02-17 17:14:26'),
(616, 361, '규격', 'B-662UL/M', '2025-02-17 17:14:26', '2025-02-17 17:14:26'),
(617, 361, '규격', 'S-682UL/M', '2025-02-17 17:14:26', '2025-02-17 17:14:26'),
(618, 362, '규격', 'B-662UL/M', '2025-02-17 17:14:26', '2025-02-17 17:14:26'),
(619, 362, '규격', 'S-682UL/M', '2025-02-17 17:14:26', '2025-02-17 17:14:26'),
(620, 363, '규격', '140S', '2025-02-17 17:14:26', '2025-02-17 17:14:26'),
(621, 364, '핸들', '우핸들', '2025-02-17 17:14:26', '2025-02-17 17:14:26'),
(622, 365, '규격', '511MLS', '2025-02-17 17:14:26', '2025-02-17 17:14:26'),
(623, 366, '핸들', '우핸들', '2025-02-17 17:14:26', '2025-02-17 17:14:26'),
(624, 367, '규격', '175B', '2025-02-17 17:14:26', '2025-02-17 17:14:26'),
(625, 368, '규격', '155', '2025-02-17 17:14:26', '2025-02-17 17:14:26'),
(626, 369, '규격', '602HB&S', '2025-02-17 17:14:26', '2025-02-17 17:14:26'),
(627, 370, '규격', '4000', '2025-02-17 17:14:26', '2025-02-17 17:14:26'),
(628, 371, '규격', '602UL', '2025-02-17 17:14:26', '2025-02-17 17:14:26'),
(629, 372, '규격', '662L', '2025-02-17 17:14:26', '2025-02-17 17:14:26'),
(630, 373, '규격', '2.7칸', '2025-02-17 17:14:26', '2025-02-17 17:14:26'),
(631, 374, '규격', '2.2칸', '2025-02-17 17:14:26', '2025-02-17 17:14:26'),
(632, 374, '규격', '3.5칸', '2025-02-17 17:14:26', '2025-02-17 17:14:26'),
(633, 374, '규격', '4.0칸', '2025-02-17 17:14:26', '2025-02-17 17:14:26'),
(634, 375, '호수', '1호', '2025-02-17 17:14:26', '2025-02-17 17:14:26'),
(635, 375, '호수', '1.5호', '2025-02-17 17:14:26', '2025-02-17 17:14:26'),
(636, 375, '호수', '2호', '2025-02-17 17:14:26', '2025-02-17 17:14:26'),
(637, 375, '호수', '3호', '2025-02-17 17:14:26', '2025-02-17 17:14:26'),
(638, 375, '호수', '4호', '2025-02-17 17:14:26', '2025-02-17 17:14:26'),
(639, 375, '호수', '5호', '2025-02-17 17:14:26', '2025-02-17 17:14:26'),
(640, 375, '호수', '6호', '2025-02-17 17:14:26', '2025-02-17 17:14:26'),
(641, 376, '호수', '1호', '2025-02-17 17:14:26', '2025-02-17 17:14:26'),
(642, 377, '규격', '862ML/L', '2025-02-17 17:14:26', '2025-02-17 17:14:26'),
(643, 378, '규격', '3000', '2025-02-17 17:14:26', '2025-02-17 17:14:26'),
(644, 378, '규격', '5000', '2025-02-17 17:14:26', '2025-02-17 17:14:26'),
(645, 379, '색상', '#14레이저정어리', '2025-02-17 17:14:26', '2025-02-17 17:14:26'),
(646, 380, '색상', '#4색동', '2025-02-17 17:14:26', '2025-02-17 17:14:26'),
(647, 381, '색상', '#1레드그린', '2025-02-17 17:14:26', '2025-02-17 17:14:26'),
(648, 382, '규격', '150', '2025-02-17 17:14:26', '2025-02-17 17:14:26'),
(649, 382, '규격', '250', '2025-02-17 17:14:26', '2025-02-17 17:14:26'),
(650, 383, '규격', 'M', '2025-02-17 17:14:26', '2025-02-17 17:14:26'),
(651, 383, '규격', 'L', '2025-02-17 17:14:26', '2025-02-17 17:14:26'),
(652, 384, '규격', 'M', '2025-02-17 17:14:26', '2025-02-17 17:14:26'),
(653, 385, '규격', 'S', '2025-02-17 17:14:26', '2025-02-17 17:14:26'),
(654, 385, '규격', 'M', '2025-02-17 17:14:26', '2025-02-17 17:14:26'),
(655, 385, '규격', 'L', '2025-02-17 17:14:26', '2025-02-17 17:14:26'),
(656, 386, '색상', '워터멜론', '2025-02-17 17:14:26', '2025-02-17 17:14:26'),
(657, 387, '색상', '워터멜론', '2025-02-17 17:14:26', '2025-02-17 17:14:26'),
(658, 388, '색상', '워터멜론', '2025-02-17 17:14:26', '2025-02-17 17:14:26'),
(659, 389, '색상', '워터멜론', '2025-02-17 17:14:26', '2025-02-17 17:14:26'),
(660, 390, '색상', '워터멜론', '2025-02-17 17:14:26', '2025-02-17 17:14:26'),
(661, 391, '색상', '워터멜론', '2025-02-17 17:14:26', '2025-02-17 17:14:26');

-- --------------------------------------------------------

--
-- 테이블 구조 `product_option_combination`
--

CREATE TABLE `product_option_combination` (
  `ix` int(11) NOT NULL,
  `product_ix` int(11) NOT NULL,
  `combination_key` varchar(255) NOT NULL,
  `cost_price` decimal(10,2) NOT NULL,
  `stock` tinyint(11) NOT NULL,
  `track_stock` tinyint(11) NOT NULL DEFAULT 0,
  `created_at` datetime NOT NULL DEFAULT current_timestamp(),
  `updated_at` datetime NOT NULL DEFAULT current_timestamp()
) ENGINE=InnoDB DEFAULT CHARSET=utf8mb4 COLLATE=utf8mb4_general_ci;

--
-- 테이블의 덤프 데이터 `product_option_combination`
--

INSERT INTO `product_option_combination` (`ix`, `product_ix`, `combination_key`, `cost_price`, `stock`, `track_stock`, `created_at`, `updated_at`) VALUES
(493, 341, '블랙', 12000.00, 10, 3, '2025-02-17 17:14:25', '2025-02-17 17:14:25'),
(494, 341, '레드', 12000.00, 10, 3, '2025-02-17 17:14:25', '2025-02-17 17:14:25'),
(495, 341, '건스모크', 12000.00, 10, 3, '2025-02-17 17:14:25', '2025-02-17 17:14:25'),
(496, 342, '662ULFS', 26800.00, 10, 3, '2025-02-17 17:14:25', '2025-02-17 17:14:25'),
(497, 342, '602ULFS', 26800.00, 10, 3, '2025-02-17 17:14:25', '2025-02-17 17:14:25'),
(498, 342, '662LFS', 27500.00, 10, 3, '2025-02-17 17:14:25', '2025-02-17 17:14:25'),
(499, 342, '702MFS', 29500.00, 10, 3, '2025-02-17 17:14:25', '2025-02-17 17:14:25'),
(500, 342, '702MHFB', 28800.00, 10, 3, '2025-02-17 17:14:25', '2025-02-17 17:14:25'),
(501, 342, '762LFS', 37500.00, 10, 3, '2025-02-17 17:14:25', '2025-02-17 17:14:25'),
(502, 342, '762ULFS', 36200.00, 10, 3, '2025-02-17 17:14:25', '2025-02-17 17:14:25'),
(503, 342, '762MLFS', 37500.00, 10, 3, '2025-02-17 17:14:25', '2025-02-17 17:14:25'),
(504, 342, '762MFS', 38900.00, 10, 3, '2025-02-17 17:14:25', '2025-02-17 17:14:25'),
(505, 343, '662S', 33000.00, 10, 3, '2025-02-17 17:14:25', '2025-02-17 17:14:25'),
(506, 343, 'P662B', 33000.00, 10, 3, '2025-02-17 17:14:25', '2025-02-17 17:14:25'),
(507, 343, 'P702MS', 36000.00, 10, 3, '2025-02-17 17:14:25', '2025-02-17 17:14:25'),
(508, 343, 'P802MLS', 42000.00, 10, 3, '2025-02-17 17:14:25', '2025-02-17 17:14:25'),
(509, 343, 'P802MS', 45000.00, 10, 3, '2025-02-17 17:14:25', '2025-02-17 17:14:25'),
(510, 343, 'P802MHS', 48000.00, 10, 3, '2025-02-17 17:14:25', '2025-02-17 17:14:25'),
(511, 343, 'P862MLS', 45000.00, 10, 3, '2025-02-17 17:14:25', '2025-02-17 17:14:25'),
(512, 343, 'P862MHS', 51000.00, 10, 3, '2025-02-17 17:14:25', '2025-02-17 17:14:25'),
(513, 343, 'P932MS', 51000.00, 10, 3, '2025-02-17 17:14:25', '2025-02-17 17:14:25'),
(514, 343, '932MHS', 48000.00, 10, 3, '2025-02-17 17:14:25', '2025-02-17 17:14:25'),
(515, 343, '932HS', 48000.00, 10, 3, '2025-02-17 17:14:25', '2025-02-17 17:14:25'),
(516, 343, '1002M', 55000.00, 10, 3, '2025-02-17 17:14:25', '2025-02-17 17:14:25'),
(517, 343, '1002MH', 55000.00, 10, 3, '2025-02-17 17:14:25', '2025-02-17 17:14:25'),
(518, 344, '762ULS', 108000.00, 10, 3, '2025-02-17 17:14:25', '2025-02-17 17:14:25'),
(519, 345, '622MS', 90000.00, 10, 3, '2025-02-17 17:14:25', '2025-02-17 17:14:25'),
(520, 346, '2.5칸', 39000.00, 10, 3, '2025-02-17 17:14:25', '2025-02-17 17:14:25'),
(521, 346, '2.7칸', 42000.00, 10, 3, '2025-02-17 17:14:25', '2025-02-17 17:14:25'),
(522, 346, '3.0칸', 45000.00, 10, 3, '2025-02-17 17:14:25', '2025-02-17 17:14:25'),
(523, 346, '3.2칸', 48000.00, 10, 3, '2025-02-17 17:14:25', '2025-02-17 17:14:25'),
(524, 346, '3.6칸', 54000.00, 10, 3, '2025-02-17 17:14:25', '2025-02-17 17:14:25'),
(525, 346, '4.0칸', 60000.00, 10, 3, '2025-02-17 17:14:25', '2025-02-17 17:14:25'),
(526, 347, '165HB', 120000.00, 10, 3, '2025-02-17 17:14:25', '2025-02-17 17:14:25'),
(527, 348, '165HB', 120000.00, 10, 3, '2025-02-17 17:14:25', '2025-02-17 17:14:25'),
(528, 349, '602HS', 78000.00, 10, 3, '2025-02-17 17:14:25', '2025-02-17 17:14:25'),
(529, 349, '602MHS', 78000.00, 10, 3, '2025-02-17 17:14:25', '2025-02-17 17:14:25'),
(530, 349, '602MHB', 78000.00, 10, 3, '2025-02-17 17:14:25', '2025-02-17 17:14:25'),
(531, 349, '602HB', 78000.00, 10, 3, '2025-02-17 17:14:25', '2025-02-17 17:14:25'),
(532, 349, '662B', 78000.00, 10, 3, '2025-02-17 17:14:25', '2025-02-17 17:14:25'),
(533, 349, '662S', 78000.00, 10, 3, '2025-02-17 17:14:25', '2025-02-17 17:14:25'),
(534, 350, '662LB', 48000.00, 10, 3, '2025-02-17 17:14:25', '2025-02-17 17:14:25'),
(535, 350, '662MLB', 48000.00, 10, 3, '2025-02-17 17:14:25', '2025-02-17 17:14:25'),
(536, 350, '662MB', 48000.00, 10, 3, '2025-02-17 17:14:25', '2025-02-17 17:14:25'),
(537, 351, '662MLB', 96000.00, 10, 3, '2025-02-17 17:14:25', '2025-02-17 17:14:25'),
(538, 351, '662MB', 107300.00, 10, 3, '2025-02-17 17:14:25', '2025-02-17 17:14:25'),
(539, 351, '662MHB', 110500.00, 10, 3, '2025-02-17 17:14:25', '2025-02-17 17:14:25'),
(540, 352, 'SJ', 3600.00, 10, 3, '2025-02-17 17:14:25', '2025-02-17 17:14:25'),
(541, 353, '180B', 120000.00, 10, 3, '2025-02-17 17:14:25', '2025-02-17 17:14:25'),
(542, 353, '195B', 126000.00, 10, 3, '2025-02-17 17:14:25', '2025-02-17 17:14:25'),
(543, 353, '210B', 132000.00, 10, 3, '2025-02-17 17:14:25', '2025-02-17 17:14:25'),
(544, 353, '235B', 138000.00, 10, 3, '2025-02-17 17:14:25', '2025-02-17 17:14:25'),
(545, 354, '802L', 60000.00, 10, 3, '2025-02-17 17:14:25', '2025-02-17 17:14:25'),
(546, 354, '802MLS', 66000.00, 10, 3, '2025-02-17 17:14:25', '2025-02-17 17:14:25'),
(547, 354, '862LS', 66000.00, 10, 3, '2025-02-17 17:14:25', '2025-02-17 17:14:25'),
(548, 354, '862MLS', 72000.00, 10, 3, '2025-02-17 17:14:25', '2025-02-17 17:14:25'),
(549, 354, '862MS', 78000.00, 10, 3, '2025-02-17 17:14:25', '2025-02-17 17:14:25'),
(550, 354, '962LS', 78000.00, 10, 3, '2025-02-17 17:14:25', '2025-02-17 17:14:25'),
(551, 354, '962ML', 84000.00, 10, 3, '2025-02-17 17:14:25', '2025-02-17 17:14:25'),
(552, 354, '962MS', 90000.00, 10, 3, '2025-02-17 17:14:25', '2025-02-17 17:14:25'),
(553, 355, '150 바트컷', 72000.00, 10, 3, '2025-02-17 17:14:25', '2025-02-17 17:14:25'),
(554, 356, '802MLS', 72000.00, 10, 3, '2025-02-17 17:14:25', '2025-02-17 17:14:25'),
(555, 356, '802MS', 72000.00, 10, 3, '2025-02-17 17:14:25', '2025-02-17 17:14:25'),
(556, 356, '862LS', 78000.00, 10, 3, '2025-02-17 17:14:25', '2025-02-17 17:14:25'),
(557, 356, '862MLS', 78000.00, 10, 3, '2025-02-17 17:14:25', '2025-02-17 17:14:25'),
(558, 356, '862MS', 78000.00, 10, 3, '2025-02-17 17:14:25', '2025-02-17 17:14:25'),
(559, 357, 'SI 158', 108000.00, 10, 3, '2025-02-17 17:14:25', '2025-02-17 17:14:25'),
(560, 357, 'ID 158', 108000.00, 10, 3, '2025-02-17 17:14:26', '2025-02-17 17:14:26'),
(561, 358, '2000', 32500.00, 10, 3, '2025-02-17 17:14:26', '2025-02-17 17:14:26'),
(562, 358, '3000', 32500.00, 10, 3, '2025-02-17 17:14:26', '2025-02-17 17:14:26'),
(563, 358, '4000', 45000.00, 10, 3, '2025-02-17 17:14:26', '2025-02-17 17:14:26'),
(564, 358, '5000', 50050.00, 10, 3, '2025-02-17 17:14:26', '2025-02-17 17:14:26'),
(565, 359, '170L/MHB', 96000.00, 10, 3, '2025-02-17 17:14:26', '2025-02-17 17:14:26'),
(566, 359, '180L/MHB', 102000.00, 10, 3, '2025-02-17 17:14:26', '2025-02-17 17:14:26'),
(567, 360, '832MS', 72000.00, 10, 3, '2025-02-17 17:14:26', '2025-02-17 17:14:26'),
(568, 360, '862MLS', 78000.00, 10, 3, '2025-02-17 17:14:26', '2025-02-17 17:14:26'),
(569, 361, 'B-662UL/M', 60000.00, 10, 3, '2025-02-17 17:14:26', '2025-02-17 17:14:26'),
(570, 361, 'S-682UL/M', 60000.00, 10, 3, '2025-02-17 17:14:26', '2025-02-17 17:14:26'),
(571, 362, 'B-662UL/M', 84000.00, 10, 3, '2025-02-17 17:14:26', '2025-02-17 17:14:26'),
(572, 362, 'S-682UL/M', 84000.00, 10, 3, '2025-02-17 17:14:26', '2025-02-17 17:14:26'),
(573, 363, '140S', 21000.00, 10, 3, '2025-02-17 17:14:26', '2025-02-17 17:14:26'),
(574, 364, '우핸들', 48000.00, 10, 3, '2025-02-17 17:14:26', '2025-02-17 17:14:26'),
(575, 365, '511MLS', 72000.00, 10, 3, '2025-02-17 17:14:26', '2025-02-17 17:14:26'),
(576, 366, '우핸들', 48000.00, 10, 3, '2025-02-17 17:14:26', '2025-02-17 17:14:26'),
(577, 367, '175B', 108000.00, 10, 3, '2025-02-17 17:14:26', '2025-02-17 17:14:26'),
(578, 368, '155', 54000.00, 10, 3, '2025-02-17 17:14:26', '2025-02-17 17:14:26'),
(579, 369, '602HB&S', 48000.00, 10, 3, '2025-02-17 17:14:26', '2025-02-17 17:14:26'),
(580, 370, '4000', 45000.00, 10, 3, '2025-02-17 17:14:26', '2025-02-17 17:14:26'),
(581, 371, '602UL', 42000.00, 10, 3, '2025-02-17 17:14:26', '2025-02-17 17:14:26'),
(582, 372, '662L', 90000.00, 10, 3, '2025-02-17 17:14:26', '2025-02-17 17:14:26'),
(583, 373, '2.7칸', 14400.00, 10, 3, '2025-02-17 17:14:26', '2025-02-17 17:14:26'),
(584, 374, '2.2칸', 30000.00, 10, 3, '2025-02-17 17:14:26', '2025-02-17 17:14:26'),
(585, 374, '3.5칸', 54000.00, 10, 3, '2025-02-17 17:14:26', '2025-02-17 17:14:26'),
(586, 374, '4.0칸', 60000.00, 10, 3, '2025-02-17 17:14:26', '2025-02-17 17:14:26'),
(587, 375, '1호', 15000.00, 10, 3, '2025-02-17 17:14:26', '2025-02-17 17:14:26'),
(588, 375, '1.5호', 15000.00, 10, 3, '2025-02-17 17:14:26', '2025-02-17 17:14:26'),
(589, 375, '2호', 15000.00, 10, 3, '2025-02-17 17:14:26', '2025-02-17 17:14:26'),
(590, 375, '3호', 15000.00, 10, 3, '2025-02-17 17:14:26', '2025-02-17 17:14:26'),
(591, 375, '4호', 15000.00, 10, 3, '2025-02-17 17:14:26', '2025-02-17 17:14:26'),
(592, 375, '5호', 15000.00, 10, 3, '2025-02-17 17:14:26', '2025-02-17 17:14:26'),
(593, 375, '6호', 15000.00, 10, 3, '2025-02-17 17:14:26', '2025-02-17 17:14:26'),
(594, 376, '1호', 27000.00, 10, 3, '2025-02-17 17:14:26', '2025-02-17 17:14:26'),
(595, 377, '862ML/L', 48000.00, 10, 3, '2025-02-17 17:14:26', '2025-02-17 17:14:26'),
(596, 378, '3000', 5500.00, 10, 3, '2025-02-17 17:14:26', '2025-02-17 17:14:26'),
(597, 378, '5000', 6500.00, 10, 3, '2025-02-17 17:14:26', '2025-02-17 17:14:26'),
(598, 379, '#14 레이저정어리', 2700.00, 10, 3, '2025-02-17 17:14:26', '2025-02-17 17:14:26'),
(599, 380, '#4 색동', 2700.00, 10, 3, '2025-02-17 17:14:26', '2025-02-17 17:14:26'),
(600, 381, '#1 레드그린', 3000.00, 10, 3, '2025-02-17 17:14:26', '2025-02-17 17:14:26'),
(601, 382, '150', 60000.00, 10, 3, '2025-02-17 17:14:26', '2025-02-17 17:14:26'),
(602, 382, '250', 90000.00, 10, 3, '2025-02-17 17:14:26', '2025-02-17 17:14:26'),
(603, 383, 'M', 240000.00, 10, 3, '2025-02-17 17:14:26', '2025-02-17 17:14:26'),
(604, 383, 'L', 240000.00, 10, 3, '2025-02-17 17:14:26', '2025-02-17 17:14:26'),
(605, 384, 'M', 91000.00, 10, 3, '2025-02-17 17:14:26', '2025-02-17 17:14:26'),
(606, 385, 'S', 35000.00, 10, 3, '2025-02-17 17:14:26', '2025-02-17 17:14:26'),
(607, 385, 'M', 35000.00, 10, 3, '2025-02-17 17:14:26', '2025-02-17 17:14:26'),
(608, 385, 'L', 35000.00, 10, 3, '2025-02-17 17:14:26', '2025-02-17 17:14:26'),
(609, 386, '워터멜론', 3000.00, 10, 3, '2025-02-17 17:14:26', '2025-02-17 17:14:26'),
(610, 387, '워터멜론', 2700.00, 10, 3, '2025-02-17 17:14:26', '2025-02-17 17:14:26'),
(611, 388, '워터멜론', 2700.00, 10, 3, '2025-02-17 17:14:26', '2025-02-17 17:14:26'),
(612, 389, '워터멜론', 2700.00, 10, 3, '2025-02-17 17:14:26', '2025-02-17 17:14:26'),
(613, 390, '워터멜론', 2700.00, 10, 3, '2025-02-17 17:14:26', '2025-02-17 17:14:26'),
(614, 391, '워터멜론', 2700.00, 10, 3, '2025-02-17 17:14:26', '2025-02-17 17:14:26');

-- --------------------------------------------------------

--
-- 테이블 구조 `product_option_market_price`
--

CREATE TABLE `product_option_market_price` (
  `ix` int(11) NOT NULL,
  `product_option_comb_ix` int(11) NOT NULL,
  `market_ix` int(11) NOT NULL,
  `price` decimal(10,2) NOT NULL,
  `created_at` datetime NOT NULL DEFAULT current_timestamp(),
  `updated_at` datetime NOT NULL DEFAULT current_timestamp()
) ENGINE=InnoDB DEFAULT CHARSET=utf8mb4 COLLATE=utf8mb4_general_ci;

--
-- 테이블의 덤프 데이터 `product_option_market_price`
--

INSERT INTO `product_option_market_price` (`ix`, `product_option_comb_ix`, `market_ix`, `price`, `created_at`, `updated_at`) VALUES
(793, 493, 1, 19000.00, '2025-02-17 17:14:25', '2025-02-17 17:14:25'),
(794, 493, 2, 19000.00, '2025-02-17 17:14:25', '2025-02-17 17:14:25'),
(795, 494, 1, 19000.00, '2025-02-17 17:14:25', '2025-02-17 17:14:25'),
(796, 494, 2, 19000.00, '2025-02-17 17:14:25', '2025-02-17 17:14:25'),
(797, 495, 1, 19000.00, '2025-02-17 17:14:25', '2025-02-17 17:14:25'),
(798, 495, 2, 19000.00, '2025-02-17 17:14:25', '2025-02-17 17:14:25'),
(799, 496, 1, 0.00, '2025-02-17 17:14:25', '2025-02-17 17:14:25'),
(800, 496, 2, 0.00, '2025-02-17 17:14:25', '2025-02-17 17:14:25'),
(801, 497, 1, 0.00, '2025-02-17 17:14:25', '2025-02-17 17:14:25'),
(802, 497, 2, 0.00, '2025-02-17 17:14:25', '2025-02-17 17:14:25'),
(803, 498, 1, 0.00, '2025-02-17 17:14:25', '2025-02-17 17:14:25'),
(804, 498, 2, 0.00, '2025-02-17 17:14:25', '2025-02-17 17:14:25'),
(805, 499, 1, 0.00, '2025-02-17 17:14:25', '2025-02-17 17:14:25'),
(806, 499, 2, 0.00, '2025-02-17 17:14:25', '2025-02-17 17:14:25'),
(807, 500, 1, 0.00, '2025-02-17 17:14:25', '2025-02-17 17:14:25'),
(808, 500, 2, 0.00, '2025-02-17 17:14:25', '2025-02-17 17:14:25'),
(809, 501, 1, 0.00, '2025-02-17 17:14:25', '2025-02-17 17:14:25'),
(810, 501, 2, 0.00, '2025-02-17 17:14:25', '2025-02-17 17:14:25'),
(811, 502, 1, 0.00, '2025-02-17 17:14:25', '2025-02-17 17:14:25'),
(812, 502, 2, 0.00, '2025-02-17 17:14:25', '2025-02-17 17:14:25'),
(813, 503, 1, 0.00, '2025-02-17 17:14:25', '2025-02-17 17:14:25'),
(814, 503, 2, 0.00, '2025-02-17 17:14:25', '2025-02-17 17:14:25'),
(815, 504, 1, 0.00, '2025-02-17 17:14:25', '2025-02-17 17:14:25'),
(816, 504, 2, 0.00, '2025-02-17 17:14:25', '2025-02-17 17:14:25'),
(817, 505, 1, 0.00, '2025-02-17 17:14:25', '2025-02-17 17:14:25'),
(818, 505, 2, 0.00, '2025-02-17 17:14:25', '2025-02-17 17:14:25'),
(819, 506, 1, 0.00, '2025-02-17 17:14:25', '2025-02-17 17:14:25'),
(820, 506, 2, 0.00, '2025-02-17 17:14:25', '2025-02-17 17:14:25'),
(821, 507, 1, 0.00, '2025-02-17 17:14:25', '2025-02-17 17:14:25'),
(822, 507, 2, 0.00, '2025-02-17 17:14:25', '2025-02-17 17:14:25'),
(823, 508, 1, 0.00, '2025-02-17 17:14:25', '2025-02-17 17:14:25'),
(824, 508, 2, 0.00, '2025-02-17 17:14:25', '2025-02-17 17:14:25'),
(825, 509, 1, 0.00, '2025-02-17 17:14:25', '2025-02-17 17:14:25'),
(826, 509, 2, 0.00, '2025-02-17 17:14:25', '2025-02-17 17:14:25'),
(827, 510, 1, 0.00, '2025-02-17 17:14:25', '2025-02-17 17:14:25'),
(828, 510, 2, 0.00, '2025-02-17 17:14:25', '2025-02-17 17:14:25'),
(829, 511, 1, 0.00, '2025-02-17 17:14:25', '2025-02-17 17:14:25'),
(830, 511, 2, 0.00, '2025-02-17 17:14:25', '2025-02-17 17:14:25'),
(831, 512, 1, 0.00, '2025-02-17 17:14:25', '2025-02-17 17:14:25'),
(832, 512, 2, 0.00, '2025-02-17 17:14:25', '2025-02-17 17:14:25'),
(833, 513, 1, 0.00, '2025-02-17 17:14:25', '2025-02-17 17:14:25'),
(834, 513, 2, 0.00, '2025-02-17 17:14:25', '2025-02-17 17:14:25'),
(835, 514, 1, 0.00, '2025-02-17 17:14:25', '2025-02-17 17:14:25'),
(836, 514, 2, 0.00, '2025-02-17 17:14:25', '2025-02-17 17:14:25'),
(837, 515, 1, 0.00, '2025-02-17 17:14:25', '2025-02-17 17:14:25'),
(838, 515, 2, 0.00, '2025-02-17 17:14:25', '2025-02-17 17:14:25'),
(839, 516, 1, 0.00, '2025-02-17 17:14:25', '2025-02-17 17:14:25'),
(840, 516, 2, 0.00, '2025-02-17 17:14:25', '2025-02-17 17:14:25'),
(841, 517, 1, 0.00, '2025-02-17 17:14:25', '2025-02-17 17:14:25'),
(842, 517, 2, 0.00, '2025-02-17 17:14:25', '2025-02-17 17:14:25'),
(843, 518, 1, 0.00, '2025-02-17 17:14:25', '2025-02-17 17:14:25'),
(844, 518, 2, 0.00, '2025-02-17 17:14:25', '2025-02-17 17:14:25'),
(845, 519, 1, 0.00, '2025-02-17 17:14:25', '2025-02-17 17:14:25'),
(846, 519, 2, 0.00, '2025-02-17 17:14:25', '2025-02-17 17:14:25'),
(847, 520, 1, 0.00, '2025-02-17 17:14:25', '2025-02-17 17:14:25'),
(848, 520, 2, 0.00, '2025-02-17 17:14:25', '2025-02-17 17:14:25'),
(849, 521, 1, 0.00, '2025-02-17 17:14:25', '2025-02-17 17:14:25'),
(850, 521, 2, 0.00, '2025-02-17 17:14:25', '2025-02-17 17:14:25'),
(851, 522, 1, 0.00, '2025-02-17 17:14:25', '2025-02-17 17:14:25'),
(852, 522, 2, 0.00, '2025-02-17 17:14:25', '2025-02-17 17:14:25'),
(853, 523, 1, 0.00, '2025-02-17 17:14:25', '2025-02-17 17:14:25'),
(854, 523, 2, 0.00, '2025-02-17 17:14:25', '2025-02-17 17:14:25'),
(855, 524, 1, 0.00, '2025-02-17 17:14:25', '2025-02-17 17:14:25'),
(856, 524, 2, 0.00, '2025-02-17 17:14:25', '2025-02-17 17:14:25'),
(857, 525, 1, 0.00, '2025-02-17 17:14:25', '2025-02-17 17:14:25'),
(858, 525, 2, 0.00, '2025-02-17 17:14:25', '2025-02-17 17:14:25'),
(859, 526, 1, 0.00, '2025-02-17 17:14:25', '2025-02-17 17:14:25'),
(860, 526, 2, 0.00, '2025-02-17 17:14:25', '2025-02-17 17:14:25'),
(861, 527, 1, 0.00, '2025-02-17 17:14:25', '2025-02-17 17:14:25'),
(862, 527, 2, 0.00, '2025-02-17 17:14:25', '2025-02-17 17:14:25'),
(863, 528, 1, 0.00, '2025-02-17 17:14:25', '2025-02-17 17:14:25'),
(864, 528, 2, 0.00, '2025-02-17 17:14:25', '2025-02-17 17:14:25'),
(865, 529, 1, 0.00, '2025-02-17 17:14:25', '2025-02-17 17:14:25'),
(866, 529, 2, 0.00, '2025-02-17 17:14:25', '2025-02-17 17:14:25'),
(867, 530, 1, 0.00, '2025-02-17 17:14:25', '2025-02-17 17:14:25'),
(868, 530, 2, 0.00, '2025-02-17 17:14:25', '2025-02-17 17:14:25'),
(869, 531, 1, 0.00, '2025-02-17 17:14:25', '2025-02-17 17:14:25'),
(870, 531, 2, 0.00, '2025-02-17 17:14:25', '2025-02-17 17:14:25'),
(871, 532, 1, 0.00, '2025-02-17 17:14:25', '2025-02-17 17:14:25'),
(872, 532, 2, 0.00, '2025-02-17 17:14:25', '2025-02-17 17:14:25'),
(873, 533, 1, 0.00, '2025-02-17 17:14:25', '2025-02-17 17:14:25'),
(874, 533, 2, 0.00, '2025-02-17 17:14:25', '2025-02-17 17:14:25'),
(875, 534, 1, 0.00, '2025-02-17 17:14:25', '2025-02-17 17:14:25'),
(876, 534, 2, 0.00, '2025-02-17 17:14:25', '2025-02-17 17:14:25'),
(877, 535, 1, 0.00, '2025-02-17 17:14:25', '2025-02-17 17:14:25'),
(878, 535, 2, 0.00, '2025-02-17 17:14:25', '2025-02-17 17:14:25'),
(879, 536, 1, 0.00, '2025-02-17 17:14:25', '2025-02-17 17:14:25'),
(880, 536, 2, 0.00, '2025-02-17 17:14:25', '2025-02-17 17:14:25'),
(881, 537, 1, 0.00, '2025-02-17 17:14:25', '2025-02-17 17:14:25'),
(882, 537, 2, 0.00, '2025-02-17 17:14:25', '2025-02-17 17:14:25'),
(883, 538, 1, 0.00, '2025-02-17 17:14:25', '2025-02-17 17:14:25'),
(884, 538, 2, 0.00, '2025-02-17 17:14:25', '2025-02-17 17:14:25'),
(885, 539, 1, 0.00, '2025-02-17 17:14:25', '2025-02-17 17:14:25'),
(886, 539, 2, 0.00, '2025-02-17 17:14:25', '2025-02-17 17:14:25'),
(887, 540, 1, 0.00, '2025-02-17 17:14:25', '2025-02-17 17:14:25'),
(888, 540, 2, 0.00, '2025-02-17 17:14:25', '2025-02-17 17:14:25'),
(889, 541, 1, 0.00, '2025-02-17 17:14:25', '2025-02-17 17:14:25'),
(890, 541, 2, 0.00, '2025-02-17 17:14:25', '2025-02-17 17:14:25'),
(891, 542, 1, 0.00, '2025-02-17 17:14:25', '2025-02-17 17:14:25'),
(892, 542, 2, 0.00, '2025-02-17 17:14:25', '2025-02-17 17:14:25'),
(893, 543, 1, 0.00, '2025-02-17 17:14:25', '2025-02-17 17:14:25'),
(894, 543, 2, 0.00, '2025-02-17 17:14:25', '2025-02-17 17:14:25'),
(895, 544, 1, 0.00, '2025-02-17 17:14:25', '2025-02-17 17:14:25'),
(896, 544, 2, 0.00, '2025-02-17 17:14:25', '2025-02-17 17:14:25'),
(897, 545, 1, 0.00, '2025-02-17 17:14:25', '2025-02-17 17:14:25'),
(898, 545, 2, 0.00, '2025-02-17 17:14:25', '2025-02-17 17:14:25'),
(899, 546, 1, 0.00, '2025-02-17 17:14:25', '2025-02-17 17:14:25'),
(900, 546, 2, 0.00, '2025-02-17 17:14:25', '2025-02-17 17:14:25'),
(901, 547, 1, 0.00, '2025-02-17 17:14:25', '2025-02-17 17:14:25'),
(902, 547, 2, 0.00, '2025-02-17 17:14:25', '2025-02-17 17:14:25'),
(903, 548, 1, 0.00, '2025-02-17 17:14:25', '2025-02-17 17:14:25'),
(904, 548, 2, 0.00, '2025-02-17 17:14:25', '2025-02-17 17:14:25'),
(905, 549, 1, 0.00, '2025-02-17 17:14:25', '2025-02-17 17:14:25'),
(906, 549, 2, 0.00, '2025-02-17 17:14:25', '2025-02-17 17:14:25'),
(907, 550, 1, 0.00, '2025-02-17 17:14:25', '2025-02-17 17:14:25'),
(908, 550, 2, 0.00, '2025-02-17 17:14:25', '2025-02-17 17:14:25'),
(909, 551, 1, 0.00, '2025-02-17 17:14:25', '2025-02-17 17:14:25'),
(910, 551, 2, 0.00, '2025-02-17 17:14:25', '2025-02-17 17:14:25'),
(911, 552, 1, 0.00, '2025-02-17 17:14:25', '2025-02-17 17:14:25'),
(912, 552, 2, 0.00, '2025-02-17 17:14:25', '2025-02-17 17:14:25'),
(913, 553, 1, 0.00, '2025-02-17 17:14:25', '2025-02-17 17:14:25'),
(914, 553, 2, 0.00, '2025-02-17 17:14:25', '2025-02-17 17:14:25'),
(915, 554, 1, 0.00, '2025-02-17 17:14:25', '2025-02-17 17:14:25'),
(916, 554, 2, 0.00, '2025-02-17 17:14:25', '2025-02-17 17:14:25'),
(917, 555, 1, 0.00, '2025-02-17 17:14:25', '2025-02-17 17:14:25'),
(918, 555, 2, 0.00, '2025-02-17 17:14:25', '2025-02-17 17:14:25'),
(919, 556, 1, 0.00, '2025-02-17 17:14:25', '2025-02-17 17:14:25'),
(920, 556, 2, 0.00, '2025-02-17 17:14:25', '2025-02-17 17:14:25'),
(921, 557, 1, 0.00, '2025-02-17 17:14:25', '2025-02-17 17:14:25'),
(922, 557, 2, 0.00, '2025-02-17 17:14:25', '2025-02-17 17:14:25'),
(923, 558, 1, 0.00, '2025-02-17 17:14:25', '2025-02-17 17:14:25'),
(924, 558, 2, 0.00, '2025-02-17 17:14:25', '2025-02-17 17:14:25'),
(925, 559, 1, 0.00, '2025-02-17 17:14:25', '2025-02-17 17:14:25'),
(926, 559, 2, 0.00, '2025-02-17 17:14:25', '2025-02-17 17:14:25'),
(927, 560, 1, 0.00, '2025-02-17 17:14:26', '2025-02-17 17:14:26'),
(928, 560, 2, 0.00, '2025-02-17 17:14:26', '2025-02-17 17:14:26'),
(929, 561, 1, 0.00, '2025-02-17 17:14:26', '2025-02-17 17:14:26'),
(930, 561, 2, 0.00, '2025-02-17 17:14:26', '2025-02-17 17:14:26'),
(931, 562, 1, 0.00, '2025-02-17 17:14:26', '2025-02-17 17:14:26'),
(932, 562, 2, 0.00, '2025-02-17 17:14:26', '2025-02-17 17:14:26'),
(933, 563, 1, 0.00, '2025-02-17 17:14:26', '2025-02-17 17:14:26'),
(934, 563, 2, 0.00, '2025-02-17 17:14:26', '2025-02-17 17:14:26'),
(935, 564, 1, 0.00, '2025-02-17 17:14:26', '2025-02-17 17:14:26'),
(936, 564, 2, 0.00, '2025-02-17 17:14:26', '2025-02-17 17:14:26'),
(937, 565, 1, 0.00, '2025-02-17 17:14:26', '2025-02-17 17:14:26'),
(938, 565, 2, 0.00, '2025-02-17 17:14:26', '2025-02-17 17:14:26'),
(939, 566, 1, 0.00, '2025-02-17 17:14:26', '2025-02-17 17:14:26'),
(940, 566, 2, 0.00, '2025-02-17 17:14:26', '2025-02-17 17:14:26'),
(941, 567, 1, 0.00, '2025-02-17 17:14:26', '2025-02-17 17:14:26'),
(942, 567, 2, 0.00, '2025-02-17 17:14:26', '2025-02-17 17:14:26'),
(943, 568, 1, 0.00, '2025-02-17 17:14:26', '2025-02-17 17:14:26'),
(944, 568, 2, 0.00, '2025-02-17 17:14:26', '2025-02-17 17:14:26'),
(945, 569, 1, 0.00, '2025-02-17 17:14:26', '2025-02-17 17:14:26'),
(946, 569, 2, 0.00, '2025-02-17 17:14:26', '2025-02-17 17:14:26'),
(947, 570, 1, 0.00, '2025-02-17 17:14:26', '2025-02-17 17:14:26'),
(948, 570, 2, 0.00, '2025-02-17 17:14:26', '2025-02-17 17:14:26'),
(949, 571, 1, 0.00, '2025-02-17 17:14:26', '2025-02-17 17:14:26'),
(950, 571, 2, 0.00, '2025-02-17 17:14:26', '2025-02-17 17:14:26'),
(951, 572, 1, 0.00, '2025-02-17 17:14:26', '2025-02-17 17:14:26'),
(952, 572, 2, 0.00, '2025-02-17 17:14:26', '2025-02-17 17:14:26'),
(953, 573, 1, 0.00, '2025-02-17 17:14:26', '2025-02-17 17:14:26'),
(954, 573, 2, 0.00, '2025-02-17 17:14:26', '2025-02-17 17:14:26'),
(955, 574, 1, 0.00, '2025-02-17 17:14:26', '2025-02-17 17:14:26'),
(956, 574, 2, 0.00, '2025-02-17 17:14:26', '2025-02-17 17:14:26'),
(957, 575, 1, 0.00, '2025-02-17 17:14:26', '2025-02-17 17:14:26'),
(958, 575, 2, 0.00, '2025-02-17 17:14:26', '2025-02-17 17:14:26'),
(959, 576, 1, 0.00, '2025-02-17 17:14:26', '2025-02-17 17:14:26'),
(960, 576, 2, 0.00, '2025-02-17 17:14:26', '2025-02-17 17:14:26'),
(961, 577, 1, 0.00, '2025-02-17 17:14:26', '2025-02-17 17:14:26'),
(962, 577, 2, 0.00, '2025-02-17 17:14:26', '2025-02-17 17:14:26'),
(963, 578, 1, 0.00, '2025-02-17 17:14:26', '2025-02-17 17:14:26'),
(964, 578, 2, 0.00, '2025-02-17 17:14:26', '2025-02-17 17:14:26'),
(965, 579, 1, 0.00, '2025-02-17 17:14:26', '2025-02-17 17:14:26'),
(966, 579, 2, 0.00, '2025-02-17 17:14:26', '2025-02-17 17:14:26'),
(967, 580, 1, 0.00, '2025-02-17 17:14:26', '2025-02-17 17:14:26'),
(968, 580, 2, 0.00, '2025-02-17 17:14:26', '2025-02-17 17:14:26'),
(969, 581, 1, 0.00, '2025-02-17 17:14:26', '2025-02-17 17:14:26'),
(970, 581, 2, 0.00, '2025-02-17 17:14:26', '2025-02-17 17:14:26'),
(971, 582, 1, 0.00, '2025-02-17 17:14:26', '2025-02-17 17:14:26'),
(972, 582, 2, 0.00, '2025-02-17 17:14:26', '2025-02-17 17:14:26'),
(973, 583, 1, 0.00, '2025-02-17 17:14:26', '2025-02-17 17:14:26'),
(974, 583, 2, 0.00, '2025-02-17 17:14:26', '2025-02-17 17:14:26'),
(975, 584, 1, 0.00, '2025-02-17 17:14:26', '2025-02-17 17:14:26'),
(976, 584, 2, 0.00, '2025-02-17 17:14:26', '2025-02-17 17:14:26'),
(977, 585, 1, 0.00, '2025-02-17 17:14:26', '2025-02-17 17:14:26'),
(978, 585, 2, 0.00, '2025-02-17 17:14:26', '2025-02-17 17:14:26'),
(979, 586, 1, 0.00, '2025-02-17 17:14:26', '2025-02-17 17:14:26'),
(980, 586, 2, 0.00, '2025-02-17 17:14:26', '2025-02-17 17:14:26'),
(981, 587, 1, 0.00, '2025-02-17 17:14:26', '2025-02-17 17:14:26'),
(982, 587, 2, 0.00, '2025-02-17 17:14:26', '2025-02-17 17:14:26'),
(983, 588, 1, 0.00, '2025-02-17 17:14:26', '2025-02-17 17:14:26'),
(984, 588, 2, 0.00, '2025-02-17 17:14:26', '2025-02-17 17:14:26'),
(985, 589, 1, 0.00, '2025-02-17 17:14:26', '2025-02-17 17:14:26'),
(986, 589, 2, 0.00, '2025-02-17 17:14:26', '2025-02-17 17:14:26'),
(987, 590, 1, 0.00, '2025-02-17 17:14:26', '2025-02-17 17:14:26'),
(988, 590, 2, 0.00, '2025-02-17 17:14:26', '2025-02-17 17:14:26'),
(989, 591, 1, 0.00, '2025-02-17 17:14:26', '2025-02-17 17:14:26'),
(990, 591, 2, 0.00, '2025-02-17 17:14:26', '2025-02-17 17:14:26'),
(991, 592, 1, 0.00, '2025-02-17 17:14:26', '2025-02-17 17:14:26'),
(992, 592, 2, 0.00, '2025-02-17 17:14:26', '2025-02-17 17:14:26'),
(993, 593, 1, 0.00, '2025-02-17 17:14:26', '2025-02-17 17:14:26'),
(994, 593, 2, 0.00, '2025-02-17 17:14:26', '2025-02-17 17:14:26'),
(995, 594, 1, 0.00, '2025-02-17 17:14:26', '2025-02-17 17:14:26'),
(996, 594, 2, 0.00, '2025-02-17 17:14:26', '2025-02-17 17:14:26'),
(997, 595, 1, 0.00, '2025-02-17 17:14:26', '2025-02-17 17:14:26'),
(998, 595, 2, 0.00, '2025-02-17 17:14:26', '2025-02-17 17:14:26'),
(999, 596, 1, 0.00, '2025-02-17 17:14:26', '2025-02-17 17:14:26'),
(1000, 596, 2, 0.00, '2025-02-17 17:14:26', '2025-02-17 17:14:26'),
(1001, 597, 1, 0.00, '2025-02-17 17:14:26', '2025-02-17 17:14:26'),
(1002, 597, 2, 0.00, '2025-02-17 17:14:26', '2025-02-17 17:14:26'),
(1003, 598, 1, 0.00, '2025-02-17 17:14:26', '2025-02-17 17:14:26'),
(1004, 598, 2, 0.00, '2025-02-17 17:14:26', '2025-02-17 17:14:26'),
(1005, 599, 1, 0.00, '2025-02-17 17:14:26', '2025-02-17 17:14:26'),
(1006, 599, 2, 0.00, '2025-02-17 17:14:26', '2025-02-17 17:14:26'),
(1007, 600, 1, 0.00, '2025-02-17 17:14:26', '2025-02-17 17:14:26'),
(1008, 600, 2, 0.00, '2025-02-17 17:14:26', '2025-02-17 17:14:26'),
(1009, 601, 1, 0.00, '2025-02-17 17:14:26', '2025-02-17 17:14:26'),
(1010, 601, 2, 0.00, '2025-02-17 17:14:26', '2025-02-17 17:14:26'),
(1011, 602, 1, 0.00, '2025-02-17 17:14:26', '2025-02-17 17:14:26'),
(1012, 602, 2, 0.00, '2025-02-17 17:14:26', '2025-02-17 17:14:26'),
(1013, 603, 1, 0.00, '2025-02-17 17:14:26', '2025-02-17 17:14:26'),
(1014, 603, 2, 0.00, '2025-02-17 17:14:26', '2025-02-17 17:14:26'),
(1015, 604, 1, 0.00, '2025-02-17 17:14:26', '2025-02-17 17:14:26'),
(1016, 604, 2, 0.00, '2025-02-17 17:14:26', '2025-02-17 17:14:26'),
(1017, 605, 1, 0.00, '2025-02-17 17:14:26', '2025-02-17 17:14:26'),
(1018, 605, 2, 0.00, '2025-02-17 17:14:26', '2025-02-17 17:14:26'),
(1019, 606, 1, 0.00, '2025-02-17 17:14:26', '2025-02-17 17:14:26'),
(1020, 606, 2, 0.00, '2025-02-17 17:14:26', '2025-02-17 17:14:26'),
(1021, 607, 1, 0.00, '2025-02-17 17:14:26', '2025-02-17 17:14:26'),
(1022, 607, 2, 0.00, '2025-02-17 17:14:26', '2025-02-17 17:14:26'),
(1023, 608, 1, 0.00, '2025-02-17 17:14:26', '2025-02-17 17:14:26'),
(1024, 608, 2, 0.00, '2025-02-17 17:14:26', '2025-02-17 17:14:26'),
(1025, 609, 1, 0.00, '2025-02-17 17:14:26', '2025-02-17 17:14:26'),
(1026, 609, 2, 0.00, '2025-02-17 17:14:26', '2025-02-17 17:14:26'),
(1027, 610, 1, 0.00, '2025-02-17 17:14:26', '2025-02-17 17:14:26'),
(1028, 610, 2, 0.00, '2025-02-17 17:14:26', '2025-02-17 17:14:26'),
(1029, 611, 1, 0.00, '2025-02-17 17:14:26', '2025-02-17 17:14:26'),
(1030, 611, 2, 0.00, '2025-02-17 17:14:26', '2025-02-17 17:14:26'),
(1031, 612, 1, 0.00, '2025-02-17 17:14:26', '2025-02-17 17:14:26'),
(1032, 612, 2, 0.00, '2025-02-17 17:14:26', '2025-02-17 17:14:26'),
(1033, 613, 1, 0.00, '2025-02-17 17:14:26', '2025-02-17 17:14:26'),
(1034, 613, 2, 0.00, '2025-02-17 17:14:26', '2025-02-17 17:14:26'),
(1035, 614, 1, 0.00, '2025-02-17 17:14:26', '2025-02-17 17:14:26'),
(1036, 614, 2, 0.00, '2025-02-17 17:14:26', '2025-02-17 17:14:26');

-- --------------------------------------------------------

--
-- 테이블 구조 `user`
--

CREATE TABLE `user` (
  `ix` int(11) NOT NULL,
  `id` varchar(200) NOT NULL,
  `pwd` varchar(200) NOT NULL,
  `name` varchar(200) NOT NULL,
  `contact` varchar(200) NOT NULL,
  `email` varchar(200) NOT NULL,
  `create_at` datetime NOT NULL DEFAULT current_timestamp(),
  `updated_at` datetime NOT NULL DEFAULT current_timestamp()
) ENGINE=InnoDB DEFAULT CHARSET=utf8mb4 COLLATE=utf8mb4_general_ci;

--
-- 테이블의 덤프 데이터 `user`
--

INSERT INTO `user` (`ix`, `id`, `pwd`, `name`, `contact`, `email`, `create_at`, `updated_at`) VALUES
(1, 'wkdgh5430', '81dc9bdb52d04dc20036dbd8313ed055', '한장호', '010-5613-5430', 'wkdgh5430@naver.com', '2024-11-17 08:23:27', '2024-11-28 17:55:07');

--
-- 덤프된 테이블의 인덱스
--

--
-- 테이블의 인덱스 `account`
--
ALTER TABLE `account`
  ADD PRIMARY KEY (`ix`),
  ADD UNIQUE KEY `unique_column_pair` (`user_ix`,`name`),
  ADD KEY `fk_account_user` (`user_ix`);

--
-- 테이블의 인덱스 `category`
--
ALTER TABLE `category`
  ADD PRIMARY KEY (`ix`),
  ADD UNIQUE KEY `unique_column_pair` (`user_ix`,`name`),
  ADD KEY `fk_category_user` (`user_ix`);

--
-- 테이블의 인덱스 `db_match`
--
ALTER TABLE `db_match`
  ADD PRIMARY KEY (`ix`),
  ADD KEY `fk_match_user` (`user_ix`),
  ADD KEY `fk_dbmatch_details` (`details_ix`),
  ADD KEY `fk_dbmatch_matching` (`matching_ix`);

--
-- 테이블의 인덱스 `market`
--
ALTER TABLE `market`
  ADD PRIMARY KEY (`ix`),
  ADD KEY `fk_market_user` (`user_ix`);

--
-- 테이블의 인덱스 `orders`
--
ALTER TABLE `orders`
  ADD PRIMARY KEY (`ix`),
  ADD UNIQUE KEY `idx_market_order` (`market_ix`,`order_number`),
  ADD KEY `fk_orders_user` (`user_ix`);

--
-- 테이블의 인덱스 `order_details`
--
ALTER TABLE `order_details`
  ADD PRIMARY KEY (`ix`),
  ADD KEY `fk_order_details_orders` (`orders_ix`);

--
-- 테이블의 인덱스 `product`
--
ALTER TABLE `product`
  ADD PRIMARY KEY (`ix`),
  ADD UNIQUE KEY `unique_column_pair` (`user_ix`,`name`),
  ADD KEY `fk_product_user` (`user_ix`);

--
-- 테이블의 인덱스 `product_option`
--
ALTER TABLE `product_option`
  ADD PRIMARY KEY (`ix`),
  ADD KEY `fk_productOption_product` (`product_ix`);

--
-- 테이블의 인덱스 `product_option_combination`
--
ALTER TABLE `product_option_combination`
  ADD PRIMARY KEY (`ix`),
  ADD KEY `fk_product_option_combination_product` (`product_ix`);

--
-- 테이블의 인덱스 `product_option_market_price`
--
ALTER TABLE `product_option_market_price`
  ADD PRIMARY KEY (`ix`),
  ADD KEY `fk_option_market_option_comb` (`product_option_comb_ix`),
  ADD KEY `fk_option_market_market` (`market_ix`);

--
-- 테이블의 인덱스 `user`
--
ALTER TABLE `user`
  ADD PRIMARY KEY (`ix`);

--
-- 덤프된 테이블의 AUTO_INCREMENT
--

--
-- 테이블의 AUTO_INCREMENT `account`
--
ALTER TABLE `account`
  MODIFY `ix` int(11) NOT NULL AUTO_INCREMENT, AUTO_INCREMENT=416;

--
-- 테이블의 AUTO_INCREMENT `category`
--
ALTER TABLE `category`
  MODIFY `ix` int(11) NOT NULL AUTO_INCREMENT, AUTO_INCREMENT=406;

--
-- 테이블의 AUTO_INCREMENT `db_match`
--
ALTER TABLE `db_match`
  MODIFY `ix` int(11) NOT NULL AUTO_INCREMENT, AUTO_INCREMENT=43;

--
-- 테이블의 AUTO_INCREMENT `market`
--
ALTER TABLE `market`
  MODIFY `ix` int(11) NOT NULL AUTO_INCREMENT, AUTO_INCREMENT=7;

--
-- 테이블의 AUTO_INCREMENT `orders`
--
ALTER TABLE `orders`
  MODIFY `ix` int(11) NOT NULL AUTO_INCREMENT, AUTO_INCREMENT=1785;

--
-- 테이블의 AUTO_INCREMENT `order_details`
--
ALTER TABLE `order_details`
  MODIFY `ix` int(11) NOT NULL AUTO_INCREMENT, AUTO_INCREMENT=3336;

--
-- 테이블의 AUTO_INCREMENT `product`
--
ALTER TABLE `product`
  MODIFY `ix` int(11) NOT NULL AUTO_INCREMENT, AUTO_INCREMENT=497;

--
-- 테이블의 AUTO_INCREMENT `product_option`
--
ALTER TABLE `product_option`
  MODIFY `ix` int(11) NOT NULL AUTO_INCREMENT, AUTO_INCREMENT=662;

--
-- 테이블의 AUTO_INCREMENT `product_option_combination`
--
ALTER TABLE `product_option_combination`
  MODIFY `ix` int(11) NOT NULL AUTO_INCREMENT, AUTO_INCREMENT=615;

--
-- 테이블의 AUTO_INCREMENT `product_option_market_price`
--
ALTER TABLE `product_option_market_price`
  MODIFY `ix` int(11) NOT NULL AUTO_INCREMENT, AUTO_INCREMENT=1037;

--
-- 덤프된 테이블의 제약사항
--

--
-- 테이블의 제약사항 `account`
--
ALTER TABLE `account`
  ADD CONSTRAINT `fk_account_user` FOREIGN KEY (`user_ix`) REFERENCES `user` (`ix`) ON DELETE CASCADE ON UPDATE CASCADE;

--
-- 테이블의 제약사항 `category`
--
ALTER TABLE `category`
  ADD CONSTRAINT `fk_category_user` FOREIGN KEY (`user_ix`) REFERENCES `user` (`ix`) ON DELETE CASCADE ON UPDATE CASCADE;

--
-- 테이블의 제약사항 `db_match`
--
ALTER TABLE `db_match`
  ADD CONSTRAINT `fk_dbmatch_details` FOREIGN KEY (`details_ix`) REFERENCES `order_details` (`ix`) ON DELETE CASCADE,
  ADD CONSTRAINT `fk_dbmatch_matching` FOREIGN KEY (`matching_ix`) REFERENCES `matching_name` (`ix`) ON DELETE CASCADE,
  ADD CONSTRAINT `fk_match_user` FOREIGN KEY (`user_ix`) REFERENCES `user` (`ix`) ON DELETE CASCADE;

--
-- 테이블의 제약사항 `market`
--
ALTER TABLE `market`
  ADD CONSTRAINT `fk_market_user` FOREIGN KEY (`user_ix`) REFERENCES `user` (`ix`) ON DELETE CASCADE ON UPDATE CASCADE;

--
-- 테이블의 제약사항 `orders`
--
ALTER TABLE `orders`
  ADD CONSTRAINT `fk_orders_market` FOREIGN KEY (`market_ix`) REFERENCES `market` (`ix`) ON DELETE CASCADE ON UPDATE CASCADE,
  ADD CONSTRAINT `fk_orders_user` FOREIGN KEY (`user_ix`) REFERENCES `user` (`ix`) ON DELETE CASCADE ON UPDATE CASCADE;

--
-- 테이블의 제약사항 `order_details`
--
ALTER TABLE `order_details`
  ADD CONSTRAINT `fk_orderDetails_orders` FOREIGN KEY (`orders_ix`) REFERENCES `orders` (`ix`) ON DELETE CASCADE ON UPDATE CASCADE;

--
-- 테이블의 제약사항 `product_option`
--
ALTER TABLE `product_option`
  ADD CONSTRAINT `fk_pOption_product` FOREIGN KEY (`product_ix`) REFERENCES `product` (`ix`) ON DELETE CASCADE,
  ADD CONSTRAINT `fk_productOption_product` FOREIGN KEY (`product_ix`) REFERENCES `product` (`ix`) ON DELETE CASCADE ON UPDATE CASCADE;

--
-- 테이블의 제약사항 `product_option_combination`
--
ALTER TABLE `product_option_combination`
  ADD CONSTRAINT `fk_productOptionCombination_product` FOREIGN KEY (`product_ix`) REFERENCES `product` (`ix`) ON DELETE CASCADE ON UPDATE CASCADE;

--
-- 테이블의 제약사항 `product_option_market_price`
--
ALTER TABLE `product_option_market_price`
  ADD CONSTRAINT `fk_productMarket_market` FOREIGN KEY (`market_ix`) REFERENCES `market` (`ix`) ON DELETE CASCADE ON UPDATE CASCADE,
  ADD CONSTRAINT `fk_productMarket_productCombination` FOREIGN KEY (`product_option_comb_ix`) REFERENCES `product_option_combination` (`ix`) ON DELETE CASCADE ON UPDATE CASCADE;
COMMIT;

/*!40101 SET CHARACTER_SET_CLIENT=@OLD_CHARACTER_SET_CLIENT */;
/*!40101 SET CHARACTER_SET_RESULTS=@OLD_CHARACTER_SET_RESULTS */;
/*!40101 SET COLLATION_CONNECTION=@OLD_COLLATION_CONNECTION */;
